Workbook

Sheet Sheet1
A1: # | B1: Meal_English | C1: Description_English | D1: ChatGPT_Calories | E1: DeepSeek_Calories | F1: USDA_Calories | G1: Category | H1: USDA_Data_Type | I1: USDA_Reference_Link | J1: Date_Accessed | K1: chatbot_dish_name | L1: chatbot_calories | M1: chatbot_date
A2: 1 | B2: Olive Oil | C2: 1 teaspoon of olive oil (4.5 g) | D2: 40 | E2: 40 | F2: 40 | G2: single ingredient | H2: SR Legacy | I2: https://fdc.nal.usda.gov/food-details/167737/nutrients | J2: 45863 | K2: Oil, olive, salad or cooking | L2: =SUM(Sheet2!A2-F2) -> 0 | M2: Wednesday, January 04, 2026
A3: 2 | B3: Olive Oil | C3: 1 tablespoon of olive oil (14 g) | D3: 119 | E3: 126 | F3: 124 | G3: single ingredient | H3: SR Legacy | I3: https://fdc.nal.usda.gov/food-details/167737/nutrients | J3: 45863 | K3: Oil, olive, salad or cooking | L3: =SUM(Sheet2!A3-F3) -> 0 | M3: Wednesday, January 04, 2027
A4: 3 | B4: Corn Oil | C4: 1 tablespoon of corn oil (14 g) | D4: 120 | E4: 126 | F4: 124 | G4: single ingredient | H4: SR Legacy | I4: https://fdc.nal.usda.gov/food-details/169867/nutrients | J4: 45863 | K4: Oil, corn, industrial and retail, all purpose salad or cooking | L4: =SUM([1]L11Sheet2!A4-F4) -> #REF! | M4: Wednesday, January 04, 2028
A5: 4 | B5: Honey | C5: 1 tablespoon of honey (21 g) | D5: 64 | E5: 64 | F5: 64 | G5: single ingredient | H5: SR Legacy | I5: https://fdc.nal.usda.gov/food-details/169640/nutrients | J5: 45863 | K5: Honey | L5: =SUM(Sheet2!A5-F5) -> 0 | M5: Wednesday, January 04, 2029
A6: 5 | B6: Green Apple | C6: 1 medium green apple (160 g) | D6: 85 | E6: 83 | F6: 94 | G6: single ingredient | H6: Foundation | I6: https://fdc.nal.usda.gov/food-details/1750342/nutrients | J6: 45863 | K6: Apples, raw, with skin (Includes foods for USDA's Food Distribution Program) | L6: =SUM(Sheet2!A6-F6) -> 0 | M6: Wednesday, January 04, 2030
A7: 6 | B7: Red Apple | C7: 1 medium red apple (160 g) | D7: 95 | E7: 89 | F7: 99 | G7: single ingredient | H7: Foundation | I7: https://fdc.nal.usda.gov/food-details/1750339/nutrients | J7: 45863 | K7: Apples, raw, with skin (Includes foods for USDA's Food Distribution Program) | L7: =SUM(Sheet2!A7-F7) -> 0 | M7: Wednesday, January 04, 2031
A8: 7 | B8: Kiwi | C8: 1 medium kiwi (75 g) | D8: 45 | E8: 46 | F8: 49 | G8: single ingredient | H8: Foundation | I8: https://fdc.nal.usda.gov/food-details/2710831/nutrients | J8: 45863 | K8: Kiwifruit, green, raw | L8: =SUM(Sheet2!A8-F8) -> 0 | M8: Wednesday, January 04, 2032
A9: 8 | B9: Banana | C9: 1 medium banana (100 g) | D9: 89 | E9: 89 | F9: 89 | G9: single ingredient | H9: SR Legacy | I9: https://fdc.nal.usda.gov/food-details/173944/nutrients | J9: 45863 | K9: Bananas, raw | L9: =SUM(Sheet2!A9-F9) -> 0 | M9: Wednesday, January 04, 2033
A10: 9 | B10: Grapes | C10: 1 cup of grapes (150 g) | D10: 104 | E10: 104 | F10: 120 | G10: single ingredient | H10: Foundation | I10: https://fdc.nal.usda.gov/food-details/2346413/nutrients | J10: 45863 | K10: Grapes, muscadine, raw | L10: =SUM(Sheet2!A10-F10) -> 0 | M10: Wednesday, January 04, 2034
A11: 10 | B11: Red Grapes | C11: 1 cup of red grapes (150 g) | D11: 105 | E11: 104 | F11: 129 | G11: single ingredient | H11: Foundation | I11: https://fdc.nal.usda.gov/food-details/2346412/nutrients | J11: 45863 | K11: Grapes, red or green (European type, such as Thompson seedless), raw | L11: =SUM(Sheet2!A11-F11) -> 0 | M11: Wednesday, January 04, 2035
A12: 11 | B12: Melon | C12: 1 slice of melon (150 g) | D12: 46 | E12: 51 | F12: 57 | G12: single ingredient | H12: Foundation | I12: https://fdc.nal.usda.gov/food-details/746770/nutrients | J12: 45863 | K12: Melons, casaba, raw | L12: =SUM(Sheet2!A12-F12) -> 0 | M12: Wednesday, January 04, 2036
A13: 12 | B13: Watermelon | C13: 1 cup of watermelon (150 g) | D13: 46 | E13: 45 | F13: 45 | G13: single ingredient | H13: SR Legacy | I13: https://fdc.nal.usda.gov/food-details/167765/nutrients | J13: 45863 | K13: Watermelon, raw | L13: =SUM(Sheet2!A13-F13) -> 0 | M13: Wednesday, January 04, 2037
A14: 13 | B14: Mango | C14: Half a mango (100 g) | D14: 60 | E14: 60 | F14: 68 | G14: single ingredient | H14: Foundation | I14: https://fdc.nal.usda.gov/food-details/2710833/nutrients | J14: 45863 | K14: Mangos, raw | L14: =SUM(Sheet2!A14-F14) -> 0 | M14: Wednesday, January 04, 2038
A15: 14 | B15: Peach | C15: 1 medium peach (150 g) | D15: 59 | E15: 59 | F15: 69 | G15: single ingredient | H15: Foundation | I15: https://fdc.nal.usda.gov/food-details/325430/nutrients | J15: 45863 | K15: Peaches, yellow, raw | L15: =SUM(Sheet2!A15-F15) -> 0 | M15: Wednesday, January 04, 2039
A16: 15 | B16: Apricot | C16: 1 medium apricot (35 g) | D16: 17 | E16: 17 | F16: 17 | G16: single ingredient | H16: Foundation | I16: https://fdc.nal.usda.gov/food-details/2710815/nutrients | J16: 45863 | K16: Apricots, raw | L16: =SUM(Sheet2!A16-F16) -> 0 | M16: Wednesday, January 04, 2040
... A179: 178 | B179: White Toast with peanut butter | C179: 1 slice of white toast (30 g) + 2 tablespoons of peanut butter (32 g) | D179: 270 | E179: 269 | F179: 282 | G179: multiple ingredients | H179: Calculated from USDA components | I179: toast: https://fdc.nal.usda.gov/food-details/325871/nutrients peanut butter: https://fdc.nal.usda.gov/food-details/2262072/nutrients | J179: 45863 | K179: White Toast with Peanut Butter | L179: =SUM(Sheet2!A179-F179) -> 54 | M179: Wednesday, January 04, 2203

Sheet Sheet2
A1: chatbot_calories
A2: 40
A3: 124
A4: 124
A5: 64
A6: 94
A7: 99
A8: 49
A9: 89
A10: 120
A11: 129
A12: 57
A13: 45
... A179: 336
